,name_y,S_num,indel_rate
0,ppkA1,S1,0.05314624084057406
1,ppkA1,S2,0.035179963305463545
2,ppkA1,S3,0.07697594917317724
3,ppkA2,S4,0.61648587863507
4,ppkA2,S6,0.4628043161126884
5,ppkA3,S7,0.17340282966283607
6,ppkA3,S8,0.08553081953096202
7,ppkA3,S9,0.1045992788965022
8,ppkB1,S1,0.5751488218614754
9,ppkB1,S2,0.44550509808498756
10,ppkB1,S3,0.43740115972588295
11,ppkB2,S4,0.41544305035907647
12,ppkB2,S5,0.5449346405228758
13,ppkB2,S6,0.32696848999126255
14,ppkB3,S7,0.4168018371261951
15,ppkB3,S8,0.29984905892862646
16,ppkB3,S9,0.4558710982342973
17,ppkC1,S1,0.03118062400025852
18,ppkC1,S2,0.02703929115899167
19,ppkC1,S3,0.03636699085422103
20,ppkC2,S4,0.43366168065183025
21,ppkC2,S6,0.22210311930539178
22,ppkC3,S7,0.47062398703403563
23,ppkC3,S8,0.6531415221935325
24,ppkC3,S9,0.012434061793519217
25,ppkD1,S10,0.23213381305374492
26,ppkD1,S11,0.1735523640894485
27,ppkD1,S12,0.28121691938393645
28,ppkD2,S13,0.03365917584447941
29,ppkD2,S14,0.010213445636591814
30,ppkD2,S15,0.0985460493434504
31,ppkD3,S16,0.5402326575055477
32,ppkD3,S17,0.5866325923522094
33,ppkD3,S18,0.5277721785135039
34,ppkE1,S10,0.1699747505610264
35,ppkE1,S11,0.11978073020832933
36,ppkE1,S12,0.12955260171826877
37,ppkE2,S13,0.01591471970317635
38,ppkE2,S14,0.015361959904949965
39,ppkE2,S15,0.10421774266775628
40,ppkE3,S16,0.7225558129629437
41,ppkE3,S17,0.5553347087224917
42,ppkE3,S18,0.799474395368729
43,ppkF1,S10,0.42977176830204683
44,ppkF1,S11,0.30183874089543117
45,ppkF1,S12,0.5641671692096719
46,ppkF2,S13,0.16389107146279297
47,ppkF2,S14,0.09461243183214794
48,ppkF2,S15,0.25904080274775665
49,ppkF3,S16,0.6802481834168354
50,ppkF3,S17,0.5498590355751838
51,ppkF3,S18,0.5970762440336094
