S_num,target,read_total,read_wtrw,read_unmapped,read_hdr,hdr_frac
S1,wtrw,111587,12131,99456,71,0.00585277388508779
S2,wtrw,234458,113187,121271,2416,0.0213452074884925
S3,wtrw,600977,223515,377462,1235,0.00552535624007337
S4,wtrw,1110801,454770,656031,1982,0.00435824702596917
S5,wtrw,1239672,252196,987476,1326,0.0052578153499659
S6,wtrw,1496448,602787,893661,212,0.000351699688281267