,name_y,S_num,indel_rate
0,wtrwG0,S10,0.09814303904923599
1,wtrwG0,S11,0.05335544630693597
2,wtrwG0,S12,0.001078369905956113
3,wtrwG0,S13,0.08116954395768886
4,wtrwG0,S14,0.18735294117647058
5,wtrwG0,S15,0.05648211915241888
6,wtrwG0,S16,0.08980005346916377
7,wtrwG0,S17,0.3135758203896413
8,wtrwG0,S18,0.20859328095225665
9,wtrwG0,S19,0.001032440362984296
10,wtrwG0,S20,0.07101479554044557
11,wtrwG0,S21,0.40181507635047287
12,wtrwG0,S22,0.136224055643938
13,wtrwG0,S23,0.12816080196399346
14,wtrwG0,S24,0.17081707366134288
15,wtrwG0,S25,0.12019928731688004
16,wtrwG0,S26,0.08396277720708199
17,wtrwG0,S27,0.09592775600613393
18,wtrwG0,S28,0.12595049597897173
19,wtrwG0,S29,0.1420616113744076
20,wtrwG0,S3,0.14196475309719073
21,wtrwG0,S30,0.20457266662865614
22,wtrwG0,S31,0.289824940745977
23,wtrwG0,S32,0.12669916713171112
24,wtrwG0,S33,0.46553839378401335
25,wtrwG0,S34,0.004750593824228029
26,wtrwG0,S35,0.0002531752394615807
27,wtrwG0,S36,0.00019418675469799545
28,wtrwG0,S37,0.09171023151605676
29,wtrwG0,S38,0.15357232075943042
30,wtrwG0,S39,0.00047048037252394627
31,wtrwG0,S4,0.06764146065066948
32,wtrwG0,S40,0.04080386506550686
33,wtrwG0,S41,0.060982495765104464
34,wtrwG0,S42,0.2505892406073639
35,wtrwG0,S43,0.26242546848381604
36,wtrwG0,S44,0.06581889182271591
37,wtrwG0,S45,0.10452132527915065
38,wtrwG0,S46,0.051538293340675896
39,wtrwG0,S47,0.0007596600008212541
40,wtrwG0,S48,0.05592009443941926
41,wtrwG0,S49,0.07249647689585387
42,wtrwG0,S5,0.14756338683414746
43,wtrwG0,S50,0.3337580040476427
44,wtrwG0,S51,0.00010322260988046821
45,wtrwG0,S52,0.00016609810009327047
46,wtrwG0,S53,0.00020266224494495878
47,wtrwG0,S54,0.10317655749815316
48,wtrwG0,S55,0.010623946037099494
49,wtrwG0,S56,0.013865546218487394
50,wtrwG0,S57,0.0001612561856864978
51,wtrwG0,S58,0.058890642068212165
52,wtrwG0,S6,0.12531594706347457
53,wtrwG0,S69,0.13243966769072715
54,wtrwG0,S7,0.07755919992897277
55,wtrwG0,S70,0.06913001359480955
56,wtrwG0,S71,0.024509803921568627
57,wtrwG0,S74,0.08048456428292301
58,wtrwG0,S75,0.0005354629459641393
59,wtrwG0,S76,0.1978019612275433
60,wtrwG0,S8,0.08172875582812951
61,wtrwG0,S9,0.07506980095469692
