,name_y,S_num,indel_rate
0,different,S7,0.00012896153722152367
1,different,S8,0.00014972674868365233
2,different,S9,0.00024374107733556182
3,wtrwG0,S1,0.20018535681186284
4,wtrwG0,S2,0.3696550706096541
5,wtrwG0,S3,0.28327739631123566
6,wtrwG0,S4,0.13021875779336628
7,wtrwG0,S5,0.3451027460497507
8,wtrwG0,S6,0.16179655112165317
